tms_number,name,live_directions,live_speed_directions,live_flow_directions,latest_measurement_at,live_lanes,lanes_with_speed,lanes_with_flow,free_flow_profiles,capacity_profiles,history_days_visible,first_available_date,last_available_date,detailed_minute_days,minute_d1_buckets,minute_d2_buckets,aggregate_hour_d1_days,aggregate_hour_d2_days,aggregate_hour_d1_buckets,aggregate_hour_d2_buckets,aggregate_day_d1_buckets,aggregate_day_d2_buckets,hour_d1_days,hour_d2_days,hour_d1_buckets,hour_d2_buckets,day_d1_days,day_d2_days,vehicle_class_days,lane_detail_days,road_context_status,road_ref,corridor_station_count,junction_count,anomaly_evaluations,sufficient_anomaly_evaluations,maximum_baseline_samples,operator_notes,current_freshness,current_complete_directions,mapped_lane_count,observed_passage_mapped_lanes,official_layout_mapped_lanes,unmapped_lane_count,minute_replay_directions,hour_replay_directions,daily_analysis_directions,lane_history_ready_evaluations,corridor_ready_directions,event_context_matches
3,kt51_Kivenlahti,2,2,2,2026-09-24 08:12:33+00,7,0,7,2,2,1849,2021-09-01,2026-09-23,0,0,0,0,0,0,0,0,0,579,699,13882,16762,1849,1849,0,0,MATCHED,51,5,0,4,4,19,0,FRESH,2,7,0,7,0,0,2,2,0,2,2
4,vt3_Kivistö,2,2,2,2026-09-24 08:14:15+00,6,6,6,2,2,1849,2021-09-01,2026-09-23,0,0,0,14,14,329,329,14,14,579,699,13873,16753,1845,1845,0,0,MATCHED,3,11,1,4,4,21,0,FRESH,2,6,0,6,0,0,2,2,0,2,0
5,vt3_Klaukkalantie,2,2,2,2026-09-24 08:14:15+00,4,4,4,2,2,1832,2021-09-01,2026-09-23,1,1342,1339,1,1,24,24,1,1,551,699,13142,16678,1814,1812,1,1,MATCHED,3,11,1,4,4,19,0,FRESH,2,4,4,0,0,2,2,2,0,2,1
6,st102_Hiidenkallio,2,2,2,2026-09-24 08:14:14+00,4,4,4,2,2,1840,2021-09-01,2026-09-23,1,1150,1126,1,1,24,24,1,1,519,692,12386,16223,1840,1833,1,1,MATCHED,102,3,0,4,4,19,0,FRESH,2,4,4,0,0,2,2,2,0,2,2
7,vt4_Vantaa_Honkanummi,2,2,2,2026-09-24 08:12:37+00,4,0,4,2,2,1849,2021-09-01,2026-09-23,0,0,0,0,0,0,0,0,0,519,699,12442,16762,1849,1849,0,0,MATCHED,4,4,0,4,4,19,0,FRESH,2,4,0,4,0,0,2,2,0,2,0
8,vt4_Vantaa_Leppäkorpi,2,2,2,2026-09-24 08:12:06+00,4,0,4,2,2,1686,2022-01-17,2026-09-23,0,0,0,0,0,0,0,0,0,502,682,12022,16342,1641,1662,0,0,MATCHED,4,4,0,4,4,17,0,FRESH,2,4,0,4,0,0,2,2,0,2,1
9,kt45_Vantaa_Ilola,2,2,2,2026-09-24 08:12:48+00,6,0,6,2,2,1849,2021-09-01,2026-09-23,0,0,0,0,0,0,0,0,0,519,699,12447,16765,1849,1826,0,0,NOT_REQUESTED,,,0,4,4,19,0,FRESH,2,6,0,6,0,0,2,2,0,0,0
10,st101_Espoo_Laajalahti,2,2,2,2026-09-24 08:14:08+00,4,0,4,2,2,1821,2021-09-28,2026-09-22,0,0,0,0,0,0,0,0,0,519,699,12449,16764,1821,1821,0,0,MATCHED,101,10,0,4,4,19,0,FRESH,2,4,0,4,0,0,2,2,0,2,3
11,st101_Helsinki_Vartiokylä,2,2,2,2026-09-24 08:12:37+00,4,0,4,2,2,1849,2021-09-01,2026-09-23,0,0,0,0,0,0,0,0,0,519,699,12442,16759,1849,1849,0,0,MATCHED,101,10,0,4,4,19,0,FRESH,2,4,0,4,0,0,2,2,0,2,3
12,kt50_Espoo_Muurala,2,2,2,2026-09-24 08:13:01+00,6,0,6,2,2,1849,2021-09-01,2026-09-23,0,0,0,0,0,0,0,0,0,497,672,11809,15982,1790,1790,0,0,MATCHED,50,7,1,4,4,19,0,FRESH,2,6,0,6,0,0,2,2,0,0,4
13,vt3_Vantaa_Martinkyläntie,2,2,2,2026-09-24 08:12:42+00,5,0,5,2,2,1848,2021-09-01,2026-09-22,0,0,0,0,0,0,0,0,0,519,699,12442,16750,1845,1845,0,0,MATCHED,3,11,0,4,4,19,0,FRESH,2,5,0,5,0,0,2,2,0,2,0
98,kt51_Espoo_Piispansilta,2,2,2,2026-09-24 08:13:43+00,6,0,6,2,2,1849,2021-09-01,2026-09-23,0,0,0,0,0,0,0,0,0,519,699,12450,16770,1847,1847,0,0,MATCHED,51,5,0,4,4,19,0,FRESH,2,6,0,6,0,0,2,2,0,2,2
101,kt51_Hanasaari,2,2,2,2026-09-24 08:12:47+00,6,0,6,2,2,1849,2021-09-01,2026-09-23,0,0,0,0,0,0,0,0,0,519,699,12434,16754,1846,1846,0,0,MATCHED,51,5,0,4,4,19,0,FRESH,2,6,0,6,0,0,2,2,0,2,1
102,kt51_Soukka,2,2,2,2026-09-24 08:13:46+00,4,0,4,2,2,1849,2021-09-01,2026-09-23,0,0,0,0,0,0,0,0,0,519,699,12452,16772,1848,1848,0,0,NOT_REQUESTED,,,0,4,4,19,0,FRESH,2,4,0,4,0,0,2,2,0,0,2
103,vt1_Espoo_Huopalahti,2,2,2,2026-09-24 08:14:15+00,6,5,6,2,2,1849,2021-09-01,2026-09-23,0,0,0,14,14,336,336,14,14,519,699,12449,16768,1849,1849,0,0,MATCHED,1,18,0,4,4,21,0,FRESH,2,5,0,5,1,0,2,2,0,2,2
107,vt3_Kaivoksela,2,2,2,2026-09-24 08:13:43+00,4,0,4,2,2,1849,2021-09-01,2026-09-23,0,0,0,0,0,0,0,0,0,519,699,12434,16754,1836,1836,0,0,MATCHED,3,11,0,4,4,19,0,FRESH,2,4,0,4,0,0,2,2,0,2,0
109,vt4_Jakomäki,2,2,2,2026-09-24 08:13:30+00,4,0,4,2,2,1849,2021-09-01,2026-09-23,0,0,0,0,0,0,0,0,0,508,688,12130,16448,1828,1828,0,0,MATCHED,4,4,0,4,4,19,0,FRESH,2,4,0,4,0,0,2,2,0,2,2
116,st101_Leppävaara,2,2,2,2026-09-24 08:14:16+00,6,6,6,2,2,1849,2021-09-01,2026-09-23,0,0,0,14,14,336,336,14,14,519,699,12435,16754,1846,1846,0,0,MATCHED,101,10,0,4,4,21,0,FRESH,2,6,0,6,0,0,2,2,0,2,5
117,vt1_Munkkiniemi,2,2,2,2026-09-24 08:13:02+00,4,0,4,2,2,1848,2021-09-01,2026-09-22,0,0,0,0,0,0,0,0,0,519,699,12440,16761,1831,1831,0,0,MATCHED,1,18,0,4,4,19,0,FRESH,2,4,0,4,0,0,2,2,0,2,1
118,st101_Espoo_Keilaniemi,2,2,2,2026-09-24 08:13:43+00,8,0,8,2,2,1849,2021-09-01,2026-09-23,0,0,0,0,0,0,0,0,0,519,699,12442,16701,1849,1849,0,0,MATCHED,101,10,0,4,4,19,0,FRESH,2,8,0,8,0,0,2,2,0,2,3
119,vt7_Helsinki_Itäsalmi,2,2,2,2026-09-24 08:14:13+00,4,4,4,2,2,1849,2021-09-01,2026-09-23,0,0,0,0,0,0,0,0,0,699,699,16744,16744,1849,1849,0,0,MATCHED,7,3,0,4,4,19,0,FRESH,2,4,0,4,0,0,2,2,0,0,3
123,st120_Pähkinärinne,2,2,2,2026-09-24 08:13:33+00,4,0,4,2,2,1849,2021-09-01,2026-09-23,0,0,0,0,0,0,0,0,0,699,699,16759,16759,1849,1849,0,0,MATCHED,120,2,0,4,4,19,0,FRESH,2,4,0,4,0,0,2,2,0,0,2
125,kt50_Bemböle,2,2,2,2026-09-15 08:52:02+00,0,0,0,2,2,1841,2021-09-01,2026-09-15,0,0,0,0,0,0,0,0,0,694,694,16604,16604,1836,1836,0,0,NOT_REQUESTED,,,0,4,3,20,0,OUTDATED,2,0,0,0,0,0,2,2,0,0,3
126,st101_Konala,2,2,2,2026-09-24 08:12:04+00,6,0,6,2,2,1625,2021-09-01,2026-09-23,0,0,0,0,0,0,0,0,0,695,695,16617,16616,1488,1488,0,0,MATCHED,101,10,0,4,4,19,0,FRESH,2,6,0,6,0,0,2,2,0,2,6
127,kt45_Tuusula_Rusutjärvi,2,2,2,2026-09-24 08:12:34+00,2,0,2,2,2,1849,2021-09-01,2026-09-23,0,0,0,0,0,0,0,0,0,699,699,16431,16740,1849,1849,0,0,NOT_REQUESTED,,,0,4,4,19,0,FRESH,2,2,0,2,0,0,2,2,0,0,0
128,kt50_Voutila,2,2,2,2026-09-24 08:14:15+00,6,4,6,2,2,1737,2021-09-01,2026-09-23,0,0,0,0,0,0,0,0,0,699,699,16769,16772,1722,1722,0,0,NOT_REQUESTED,,,0,4,4,19,0,FRESH,2,6,0,6,0,0,2,2,0,0,2
131,kt45_Helsinki_Tuomarinkartano,2,2,2,2026-09-24 08:12:42+00,7,0,7,2,2,1848,2021-09-01,2026-09-22,0,0,0,0,0,0,0,0,0,699,699,16772,16772,1848,1848,0,0,MATCHED,45,2,0,4,4,19,0,FRESH,2,7,0,7,0,0,2,2,0,0,1
137,vt3_Vantaa_Keimola,2,2,2,2026-09-24 08:14:14+00,4,4,4,2,2,1849,2021-09-01,2026-09-23,0,0,0,0,0,0,0,0,0,699,699,16768,16769,1849,1849,0,0,MATCHED,3,11,0,4,4,19,0,FRESH,2,4,0,4,0,0,2,2,0,2,0
138,st120_Odilampi,2,2,2,2026-09-24 08:13:24+00,2,0,2,2,2,1290,2021-09-01,2026-09-23,0,0,0,0,0,0,0,0,0,605,605,14486,14486,1290,1290,0,0,MATCHED,120,2,0,4,4,19,0,FRESH,2,2,0,2,0,0,2,2,0,0,0
139,vt1_Nupuri,2,2,2,2026-09-24 08:14:14+00,6,4,6,2,2,1656,2022-02-04,2026-09-23,0,0,0,0,0,0,0,0,0,699,699,16759,16759,1644,1644,0,0,MATCHED,1,18,0,4,4,19,0,FRESH,2,4,0,4,2,0,2,2,0,2,1
140,kt50_Järvenperä,2,2,2,2026-09-24 08:14:16+00,4,4,4,2,2,1685,2021-09-01,2026-09-23,0,0,0,0,0,0,0,0,0,699,699,16759,16759,1684,1684,0,0,MATCHED,50,7,0,4,4,19,0,FRESH,2,4,0,4,0,0,2,2,0,0,2
143,kt51_Sundsberg,2,2,2,2026-09-24 08:12:04+00,4,0,4,2,2,1849,2021-09-01,2026-09-23,0,0,0,0,0,0,0,0,0,686,686,16415,16414,1836,1836,0,0,MATCHED,51,5,0,4,4,19,0,FRESH,2,4,0,4,0,0,2,2,0,2,2
144,vt1_Friisinmäki,2,2,2,2026-09-24 08:14:16+00,8,8,8,2,2,1849,2021-09-01,2026-09-23,0,0,0,0,0,0,0,0,0,699,699,16759,16759,1848,1848,0,0,MATCHED,1,18,0,4,4,19,0,FRESH,2,8,0,8,0,0,2,2,0,2,2
145,st101_Kannelmäki,2,2,2,2026-09-24 08:10:02+00,7,0,7,2,2,1798,2021-09-01,2026-09-23,0,0,0,0,0,0,0,0,0,677,677,16133,16133,1779,1779,0,0,MATCHED,101,10,0,4,4,19,0,STALE,2,7,0,7,0,0,2,2,0,0,8
146,st101_Länsi-Pakila,2,2,2,2026-09-24 08:13:44+00,6,0,6,2,2,1829,2021-09-01,2026-09-23,0,0,0,0,0,0,0,0,0,691,691,16410,16409,1795,1795,0,0,MATCHED,101,10,0,4,4,19,0,FRESH,2,6,0,6,0,0,2,2,0,2,6
147,st101_Pakila,2,2,2,2026-09-24 07:19:00+00,8,0,8,2,2,1635,2021-09-01,2026-09-23,0,0,0,0,0,0,0,0,0,697,697,16619,16619,1502,1502,0,0,MATCHED,101,10,0,4,4,19,0,OUTDATED,2,8,0,8,0,0,2,2,0,0,5
148,st101_Pukinmäki,2,2,2,2026-09-24 08:12:50+00,4,0,4,2,2,1814,2021-09-01,2026-09-23,0,0,0,0,0,0,0,0,0,664,664,15894,15894,1790,1790,0,0,MATCHED,101,10,0,4,4,19,0,FRESH,2,4,0,4,0,0,2,2,0,2,3
149,st101_Malmi,2,2,2,2026-09-24 08:08:50+00,4,0,4,2,2,1827,2021-09-01,2026-09-23,0,0,0,0,0,0,0,0,0,677,677,16205,16205,1822,1822,0,0,MATCHED,101,10,0,4,4,19,0,STALE,2,4,0,4,0,0,2,2,0,0,3
150,kt50_Vantaanportti,2,2,2,2026-09-24 08:14:14+00,6,4,6,2,2,1766,2021-09-01,2026-09-22,0,0,0,0,0,0,0,0,0,691,692,16185,16171,1756,1757,0,0,MATCHED,50,7,0,4,4,19,0,FRESH,2,6,0,6,0,0,2,2,0,2,6
153,kt45_Oulunkylä,2,2,2,2026-09-24 08:12:05+00,6,0,6,2,2,1849,2021-09-01,2026-09-23,0,0,0,0,0,0,0,0,0,699,699,16769,16769,1849,1849,0,0,MATCHED,45,2,0,4,4,19,0,FRESH,2,6,0,6,0,0,2,2,0,0,2
154,vt4_Viikinmäki,2,2,2,2026-09-24 08:13:43+00,6,0,6,2,2,1849,2021-09-01,2026-09-23,0,0,0,0,0,0,0,0,0,693,693,16579,16579,1838,1838,0,0,MATCHED,4,4,0,4,4,19,0,FRESH,2,6,0,6,0,0,2,2,0,0,2
159,kt50_Petikko,2,2,2,2026-09-24 08:14:15+00,4,4,4,2,2,1769,2021-09-01,2026-09-23,0,0,0,0,0,0,0,0,0,699,699,16767,16767,1757,1757,0,0,NOT_REQUESTED,,,0,4,4,19,0,FRESH,2,4,0,4,0,0,2,2,0,0,2
160,kt50_Heidehof,2,2,2,2026-09-24 08:14:16+00,6,6,6,2,2,1601,2021-09-01,2026-09-23,0,0,0,0,0,0,0,0,0,699,699,16769,16769,1587,1587,0,0,MATCHED,50,7,0,4,4,19,0,FRESH,2,6,0,6,0,0,2,2,0,2,6
162,st102_Olarinluoma,2,2,2,2026-09-24 08:13:33+00,5,0,5,2,2,1849,2021-09-01,2026-09-23,0,0,0,0,0,0,0,0,0,699,699,16743,16743,1834,1834,0,0,MATCHED,102,3,0,4,4,19,0,FRESH,2,5,0,5,0,0,2,2,0,2,2
163,st102_Kokinkylä,2,2,2,2026-09-24 08:13:34+00,4,0,4,2,2,1849,2021-09-01,2026-09-23,0,0,0,0,0,0,0,0,0,699,699,16754,16754,1831,1831,0,0,MATCHED,102,3,0,4,4,19,0,FRESH,2,4,0,4,0,0,2,2,0,2,2
164,vt3_Kivihaka,2,2,2,2026-09-24 08:12:39+00,5,0,5,2,2,1849,2021-09-01,2026-09-23,0,0,0,0,0,0,0,0,0,699,699,16762,16762,1848,1848,0,0,MATCHED,3,11,0,4,4,19,0,FRESH,2,5,0,5,0,0,2,2,0,2,1
165,vt3_Hakuninmaa,2,2,2,2026-09-24 08:13:41+00,4,0,4,2,2,1849,2021-09-01,2026-09-23,0,0,0,0,0,0,0,0,0,696,696,16179,16179,1842,1842,0,0,MATCHED,3,11,0,4,4,19,0,FRESH,2,4,0,4,0,0,2,2,0,2,0
167,vt1_Espoo_Sepänkylä,2,2,2,2026-09-24 08:14:15+00,6,6,6,2,2,1849,2021-09-01,2026-09-23,0,0,0,0,0,0,0,0,0,699,699,16753,16753,1846,1846,0,0,MATCHED,1,18,0,4,4,19,0,FRESH,2,6,0,6,0,0,2,2,0,2,2
168,kt50_Askisto,2,2,2,2026-09-24 08:14:15+00,6,4,6,2,2,1100,2023-09-20,2026-09-23,0,0,0,0,0,0,0,0,0,699,699,16757,16757,1100,1100,0,0,MATCHED,50,7,0,4,4,19,0,FRESH,2,6,0,6,0,0,2,2,0,2,2
169,kt50_Pakkala,2,2,2,2026-09-24 08:14:15+00,6,4,6,2,2,1776,2021-09-01,2026-09-23,0,0,0,0,0,0,0,0,0,699,678,16758,16234,1774,1753,0,0,MATCHED,50,7,0,4,4,19,0,FRESH,2,6,0,6,0,0,2,2,0,2,6
172,vt7_Helsinki_Bäcknäs,2,2,2,2026-09-24 08:14:15+00,4,4,4,2,2,1625,2021-09-01,2026-09-23,0,0,0,0,0,0,0,0,0,699,699,16714,16707,1625,1625,0,0,MATCHED,7,3,0,4,4,19,0,FRESH,2,4,0,4,0,0,2,2,0,0,1
175,vt1_Espoo_Lommila,2,2,2,2026-09-24 08:14:15+00,6,4,6,2,2,1849,2021-09-01,2026-09-23,0,0,0,0,0,0,0,0,0,699,699,16759,16592,1847,1843,0,0,MATCHED,1,18,1,4,4,19,0,FRESH,2,4,0,4,2,0,2,2,0,2,2
179,vt7_Fazerila,0,0,0,,0,0,0,2,2,1574,2021-09-01,2025-12-22,0,0,0,0,0,0,0,0,0,472,472,11264,11266,1551,1568,0,0,MATCHED,7,3,0,0,0,0,0,UNAVAILABLE,0,0,0,0,0,0,2,2,0,0,4
182,kt50_Hakunila,2,2,2,2026-09-24 08:14:16+00,8,6,8,2,2,1795,2021-09-01,2026-09-23,0,0,0,0,0,0,0,0,0,699,699,16764,16764,1791,1782,0,0,MATCHED,50,7,0,4,4,19,0,FRESH,2,8,0,8,0,0,2,2,0,0,3
183,kt50_Järvenperä2,2,2,2,2026-09-24 08:14:15+00,4,4,4,2,2,1738,2021-09-01,2026-09-23,0,0,0,0,0,0,0,0,0,699,699,16769,16769,1732,1732,0,0,NOT_REQUESTED,,,0,4,4,19,0,FRESH,2,4,0,4,0,0,2,2,0,0,1
191,vt1_Kolmiranta,2,2,2,2026-09-24 08:14:14+00,4,4,4,2,2,1745,2021-10-27,2026-09-23,0,0,0,0,0,0,0,0,0,699,699,16769,16769,1739,1739,0,0,NOT_REQUESTED,,,0,4,4,19,0,FRESH,2,4,0,4,0,0,2,2,0,0,0
196,Niinisaarentie,0,0,0,,0,0,0,2,2,1707,2021-09-01,2026-05-04,0,0,0,1,1,12,12,1,1,603,603,14347,14313,1690,1690,1,1,MATCHED,,0,0,0,0,0,1,UNAVAILABLE,0,0,0,0,0,0,2,2,0,0,2
20002,vt1_Espoo_Hirvisuo,2,2,2,2026-09-24 08:14:08+00,6,5,6,2,2,1666,2021-11-30,2026-09-23,1,1347,1184,9,9,216,216,9,9,0,731,0,17542,1649,1652,1,1,MATCHED,1,18,1,4,2,24,0,FRESH,2,5,5,0,1,2,2,2,0,2,3
20004,vt1_Espoo_Kasavuori,2,2,2,2026-09-24 08:14:08+00,6,4,6,2,2,1706,2021-11-30,2026-09-23,0,0,0,1,1,24,24,1,1,730,730,17518,17518,1672,1686,0,0,MATCHED,1,18,1,4,4,24,0,FRESH,2,4,0,4,2,0,2,2,0,2,1
20005,vt1_Espoo_Sepänkylä_LML,2,2,2,2026-09-24 08:14:12+00,6,6,6,2,2,1726,2021-11-30,2026-09-23,0,0,0,0,0,0,0,0,0,699,699,16765,16765,1715,1725,0,0,MATCHED,1,18,0,4,4,19,0,FRESH,2,6,0,6,0,0,2,2,0,2,2
20006,vt1_Espoo_Kuurinniitty,2,2,2,2026-09-24 08:14:12+00,6,6,6,2,2,1665,2021-11-30,2026-09-23,0,0,0,0,0,0,0,0,0,699,699,16774,16774,1646,1653,0,0,MATCHED,1,18,1,4,4,19,0,FRESH,2,6,0,6,0,0,2,2,0,2,2
20007,vt1_Espoo_Tuomarila,2,2,2,2026-09-24 08:14:09+00,6,4,6,2,2,1738,2021-11-30,2026-09-23,0,0,0,0,0,0,0,0,0,699,699,16774,16774,1729,1718,0,0,MATCHED,1,18,1,4,4,19,0,FRESH,2,4,0,4,2,0,2,2,0,2,2
20009,vt1_Espoo_Stensgård,2,2,2,2026-09-24 08:14:11+00,6,4,6,2,2,1721,2021-11-30,2026-09-23,0,0,0,0,0,0,0,0,0,699,699,16774,16774,1698,1690,0,0,MATCHED,1,18,0,4,4,19,0,FRESH,2,4,0,4,2,0,2,2,0,2,2
20010,vt1_Espoo_Turveradantie,2,2,2,2026-09-24 08:14:11+00,6,6,6,2,2,1759,2021-11-30,2026-09-23,0,0,0,0,0,0,0,0,0,699,699,16774,16774,1748,1750,0,0,MATCHED,1,18,0,4,4,19,0,FRESH,2,6,0,6,0,0,2,2,0,2,2
20011,vt1_Espoo_Sinimäki,2,2,2,2026-09-24 08:14:12+00,6,6,6,2,2,1441,2021-11-30,2026-09-23,0,0,0,0,0,0,0,0,0,699,699,16774,16774,1438,1439,0,0,MATCHED,1,18,0,4,4,19,0,FRESH,2,6,0,6,0,0,2,2,0,2,1
20013,vt1_Espoo_Sinimäki_2,2,2,2,2026-09-24 08:14:12+00,7,7,7,2,2,1288,2021-11-30,2026-09-23,0,0,0,0,0,0,0,0,0,699,699,16774,16774,1276,1288,0,0,MATCHED,1,18,0,4,4,19,0,FRESH,2,7,0,7,0,0,2,2,0,2,1
20016,vt1_Espoo_Säterinmetsä_2_Hki,2,1,2,2026-09-24 08:14:12+00,6,3,6,2,2,1591,2021-11-30,2026-09-23,0,0,0,0,0,0,0,0,0,0,699,0,16774,0,1582,0,0,MATCHED,1,18,0,3,2,19,0,FRESH,1,3,0,3,3,0,1,1,0,1,3
20017,vt1_Espoo_Espoonsilta,2,2,2,2026-09-24 08:14:11+00,9,9,9,2,2,1153,2021-11-30,2026-09-23,0,0,0,0,0,0,0,0,0,699,699,16774,16774,1153,1153,0,0,MATCHED,1,18,0,4,4,19,1,FRESH,2,9,0,9,0,0,2,2,0,2,2
20018,vt1_Espoo_Ruukinranta,2,2,2,2026-09-24 08:14:12+00,6,6,6,2,2,1711,2021-11-30,2026-09-23,0,0,0,14,14,336,336,14,14,699,699,16774,16774,1674,1692,0,0,MATCHED,1,18,0,4,4,21,0,FRESH,2,6,0,6,0,0,2,2,0,2,2
20021,vt3_Kotamäki_HML,2,1,2,2026-09-24 08:14:12+00,6,3,6,2,2,1643,2022-03-26,2026-09-23,0,0,0,0,0,0,0,0,0,699,0,16774,0,1643,0,0,0,MATCHED,3,11,1,3,2,19,0,FRESH,1,4,0,4,2,0,1,1,0,0,1
20024,vt3_Mäyränkallio,2,2,2,2026-09-24 08:14:11+00,7,7,7,2,2,1609,2022-03-26,2026-09-22,0,0,0,0,0,0,0,0,0,557,698,13328,16714,1410,1608,0,0,NOT_REQUESTED,,,0,4,3,19,0,FRESH,2,7,0,7,0,0,2,2,0,0,1
20025,vt3_Yli-Hemmi,2,2,2,2026-09-24 08:14:08+00,6,4,6,2,2,1606,2022-05-02,2026-09-23,0,0,0,0,0,0,0,0,0,699,699,16770,16768,1606,1606,0,0,MATCHED,3,11,0,4,4,19,0,FRESH,2,4,0,4,2,0,2,2,0,0,1
20027,vt3_Peräjä_Hki,2,1,2,2026-09-24 08:14:11+00,6,3,6,2,2,1570,2022-03-27,2026-09-23,0,0,0,0,0,0,0,0,0,0,699,0,16774,0,1562,0,0,MATCHED,3,11,1,3,2,19,0,FRESH,1,3,0,3,3,0,1,1,0,0,1
20028,st170_Kulosaari_LML,2,0,2,2026-09-24 08:14:08+00,6,0,6,2,2,1257,2022-09-13,2026-02-20,0,0,0,0,0,0,0,0,0,536,538,12857,12899,1254,1256,0,0,MATCHED,170,1,0,2,0,0,0,FRESH,0,6,0,6,0,0,2,2,0,0,1
20029,vt3_Pirkkola_Wavetronix,2,2,2,2026-09-24 08:14:10+00,6,0,6,2,2,297,2025-12-01,2026-09-23,0,0,0,0,0,0,0,0,0,243,243,5803,5803,294,294,0,0,MATCHED,3,11,0,4,4,18,0,FRESH,2,6,0,6,0,0,2,2,0,2,2
20030,kt51_Westend_Wavetronix,2,2,2,2026-09-24 08:14:12+00,8,8,6,2,2,286,2025-12-12,2026-09-23,0,0,0,0,0,0,0,0,0,232,232,5539,5539,286,286,0,0,MATCHED,51,5,0,4,4,18,0,FRESH,2,8,0,8,0,0,2,2,0,2,2
