tms_number,name,live_first_local,live_last_local,live_rows,live_speed_rows,live_flow_rows,live_lane_first_local,live_lane_last_local,live_lane_count,live_lane_speed_rows,live_lane_flow_rows,minute_first_date,minute_last_date,minute_days,minute_rows,hourly_detail_first_date,hourly_detail_last_date,hourly_detail_days,hourly_detail_rows,hourly_volume_first_date,hourly_volume_last_date,hourly_volume_days,hourly_speed_first_date,hourly_speed_last_date,hourly_speed_days,daily_volume_first_date,daily_volume_last_date,daily_volume_days,daily_speed_first_date,daily_speed_last_date,daily_speed_days,vehicle_class_first_date,vehicle_class_last_date,vehicle_class_resolution_days,historical_lane_first_date,historical_lane_last_date,historical_lane_resolution_days,source_calculation_hour_failures,source_calculation_day_failures
3,kt51_Kivenlahti,2026-09-04 15:28,2026-09-25 14:53,2574,2574,2574,2026-09-23 09:53,2026-09-25 14:53,7,0,1972,2026-09-17,2026-09-24,8,20869,2026-07-02,2026-09-24,84,4032,2024-09-01,2026-09-23,753,2024-09-01,2026-09-23,753,2021-09-01,2026-09-24,1850,2021-09-01,2026-09-24,1850,2026-09-17,2026-09-24,176,2026-09-17,2026-09-24,176,38,0
4,vt3_Kivistö,2026-09-04 15:29,2026-09-25 14:57,9600,9600,9600,2026-09-21 14:44,2026-09-25 14:57,6,11150,6559,2026-09-17,2026-09-24,8,22340,2026-07-02,2026-09-24,84,4018,2024-09-01,2026-09-23,753,2024-09-01,2026-09-23,753,2021-09-01,2026-09-24,1850,2021-09-01,2026-09-24,1846,2026-09-17,2026-09-24,148,2026-09-17,2026-09-24,148,6,1
5,vt3_Klaukkalantie,2026-09-04 15:29,2026-09-25 14:57,9747,9747,9747,2026-09-21 14:45,2026-09-25 14:57,4,8620,8620,2026-09-15,2026-09-24,9,24147,2026-07-02,2026-09-24,84,3990,2024-09-01,2026-09-23,753,2024-09-01,2026-09-23,753,2021-09-01,2026-09-24,1833,2021-09-01,2026-09-24,1816,2026-09-15,2026-09-24,177,2026-09-15,2026-09-24,177,8,0
6,st102_Hiidenkallio,2026-09-04 15:29,2026-09-25 14:57,9613,9613,9613,2026-09-21 14:44,2026-09-25 14:57,4,6739,4335,2026-09-15,2026-09-24,9,20811,2026-07-02,2026-09-24,84,4031,2024-09-01,2026-09-23,753,2024-09-01,2026-09-23,753,2021-09-01,2026-09-24,1841,2021-09-01,2026-09-24,1841,2026-09-15,2026-09-24,177,2026-09-15,2026-09-24,177,6,0
7,vt4_Vantaa_Honkanummi,2026-09-04 15:27,2026-09-25 14:53,2576,2576,2576,2026-09-23 09:53,2026-09-25 14:53,4,0,1208,2026-09-17,2026-09-24,8,22433,2026-07-02,2026-09-24,84,4032,2024-09-01,2026-09-23,753,2024-09-01,2026-09-23,753,2021-09-01,2026-09-24,1850,2021-09-01,2026-09-24,1850,2026-09-17,2026-09-24,176,2026-09-17,2026-09-24,176,6,0
8,vt4_Vantaa_Leppäkorpi,2026-09-04 15:24,2026-09-25 14:52,2612,2612,2612,2026-09-23 09:53,2026-09-25 14:52,4,0,1189,2026-09-17,2026-09-24,8,22112,2026-07-02,2026-09-24,67,3172,2024-09-01,2026-09-23,736,2024-09-01,2026-09-23,736,2022-01-17,2026-09-24,1687,2022-01-14,2026-09-24,1668,2026-09-17,2026-09-24,142,2026-09-17,2026-09-24,142,6,4
9,kt45_Vantaa_Ilola,2026-09-04 15:24,2026-09-25 14:52,2354,2354,2354,2026-09-23 09:54,2026-09-25 14:52,6,0,1677,2026-09-17,2026-09-24,8,22321,2026-07-02,2026-09-24,84,4032,2024-09-01,2026-09-23,753,2024-09-01,2026-09-23,753,2021-09-01,2026-09-24,1850,2021-09-01,2026-09-24,1850,2026-09-17,2026-09-24,176,2026-09-17,2026-09-24,176,6,0
10,st101_Espoo_Laajalahti,2026-09-04 15:29,2026-09-25 14:57,9744,9744,9744,2026-09-23 09:55,2026-09-25 14:57,4,0,4162,2026-09-17,2026-09-24,8,17960,2026-07-02,2026-09-24,84,4024,2024-09-01,2026-09-23,753,2024-09-01,2026-09-23,753,2021-09-28,2026-09-23,1822,2021-09-28,2026-09-24,1823,2026-09-17,2026-09-24,176,2026-09-17,2026-09-24,176,6,0
11,st101_Helsinki_Vartiokylä,2026-09-04 15:28,2026-09-25 14:48,2280,2280,2280,2026-09-23 09:49,2026-09-25 14:48,4,0,964,2026-09-17,2026-09-24,8,22190,2026-07-02,2026-09-24,84,4032,2024-09-01,2026-09-23,753,2024-09-01,2026-09-23,753,2021-09-01,2026-09-24,1850,2021-09-01,2026-09-24,1850,2026-09-17,2026-09-24,176,2026-09-17,2026-09-24,176,6,0
12,kt50_Espoo_Muurala,2026-09-04 15:24,2026-09-25 14:52,2544,2544,2544,2026-09-23 09:53,2026-09-25 14:52,6,0,1731,2026-09-17,2026-09-24,8,20594,2026-07-02,2026-09-24,84,4032,2024-09-01,2026-09-23,753,2024-09-01,2026-09-23,726,2021-09-01,2026-09-24,1850,2021-09-01,2026-09-24,1791,2026-09-17,2026-09-24,176,2026-09-17,2026-09-24,176,6,0
13,vt3_Vantaa_Martinkyläntie,2026-09-04 15:28,2026-09-25 14:53,2574,2574,2574,2026-09-23 09:54,2026-09-25 14:53,5,0,1456,2026-09-17,2026-09-24,8,21446,2026-07-02,2026-09-24,84,4032,2024-09-01,2026-09-23,753,2024-09-01,2026-09-23,753,2021-09-01,2026-09-23,1849,2021-09-01,2026-09-24,1847,2026-09-17,2026-09-24,176,2026-09-17,2026-09-24,176,44,2
98,kt51_Espoo_Piispansilta,2026-09-04 15:24,2026-09-25 14:53,2592,2592,2592,2026-09-23 09:54,2026-09-25 14:53,6,0,1694,2026-09-17,2026-09-24,8,21557,2026-07-02,2026-09-24,84,4032,2024-09-01,2026-09-23,753,2024-09-01,2026-09-23,753,2021-09-01,2026-09-24,1850,2021-09-01,2026-09-24,1848,2026-09-17,2026-09-24,176,2026-09-17,2026-09-24,176,0,0
101,kt51_Hanasaari,2026-09-04 15:25,2026-09-25 14:52,2610,2610,2610,2026-09-23 09:53,2026-09-25 14:52,6,0,1770,2026-09-17,2026-09-24,8,22015,2026-07-02,2026-09-24,84,4032,2024-09-01,2026-09-23,753,2024-09-01,2026-09-23,753,2021-09-01,2026-09-24,1850,2021-09-01,2026-09-24,1847,2026-09-17,2026-09-24,176,2026-09-17,2026-09-24,176,0,0
102,kt51_Soukka,2026-09-04 15:25,2026-09-25 14:52,2608,2608,2608,2026-09-23 09:53,2026-09-25 14:52,4,0,1151,2026-09-17,2026-09-24,8,20418,2026-07-02,2026-09-24,84,4026,2024-09-01,2026-09-23,753,2024-09-01,2026-09-23,753,2021-09-01,2026-09-24,1850,2021-09-01,2026-09-24,1849,2026-09-17,2026-09-24,176,2026-09-17,2026-09-24,176,0,0
103,vt1_Espoo_Huopalahti,2026-09-04 15:29,2026-09-25 14:57,9749,9749,9749,2026-09-21 14:45,2026-09-25 14:57,6,10782,12938,2026-09-17,2026-09-24,8,20416,2026-07-02,2026-09-24,84,4032,2024-09-01,2026-09-23,753,2024-09-01,2026-09-23,753,2021-09-01,2026-09-24,1850,2021-09-01,2026-09-24,1850,2026-09-17,2026-09-24,148,2026-09-17,2026-09-24,148,0,0
107,vt3_Kaivoksela,2026-09-04 15:28,2026-09-25 14:53,2572,2572,2572,2026-09-23 09:52,2026-09-25 14:53,4,0,1196,2026-09-17,2026-09-24,8,21997,2026-07-02,2026-09-24,84,4032,2024-09-01,2026-09-23,753,2024-09-01,2026-09-23,753,2021-09-01,2026-09-24,1850,2021-09-01,2026-09-24,1837,2026-09-17,2026-09-24,176,2026-09-17,2026-09-24,176,0,0
109,vt4_Jakomäki,2026-09-04 15:27,2026-09-25 14:52,2576,2576,2576,2026-09-23 09:54,2026-09-25 14:52,4,0,1194,2026-09-17,2026-09-24,8,22258,2026-07-02,2026-09-24,84,4032,2024-09-01,2026-09-23,753,2024-09-01,2026-09-23,742,2021-09-01,2026-09-24,1850,2021-09-01,2026-09-24,1829,2026-09-17,2026-09-24,176,2026-09-17,2026-09-24,176,0,0
116,st101_Leppävaara,2026-09-04 15:29,2026-09-25 14:57,9562,9562,9562,2026-09-21 14:45,2026-09-25 14:57,6,11209,6639,2026-09-17,2026-09-24,8,22354,2026-07-02,2026-09-24,84,4026,2024-09-01,2026-09-23,753,2024-09-01,2026-09-23,753,2021-09-01,2026-09-24,1850,2021-09-01,2026-09-24,1847,2026-09-17,2026-09-24,148,2026-09-17,2026-09-24,148,0,0
117,vt1_Munkkiniemi,2026-09-04 15:27,2026-09-25 14:53,2360,2360,2360,2026-09-23 09:52,2026-09-25 14:53,5,0,1194,2026-09-17,2026-09-24,8,20377,2026-07-02,2026-09-24,84,4032,2024-09-01,2026-09-23,753,2024-09-01,2026-09-23,753,2021-09-01,2026-09-23,1849,2021-09-01,2026-09-24,1833,2026-09-17,2026-09-24,176,2026-09-17,2026-09-24,176,0,0
118,st101_Espoo_Keilaniemi,2026-09-04 15:28,2026-09-25 14:52,2576,2576,2576,2026-09-23 09:53,2026-09-25 14:52,8,0,2234,2026-09-17,2026-09-24,8,20883,2026-07-02,2026-09-24,84,4030,2024-09-01,2026-09-23,753,2024-09-01,2026-09-23,753,2021-09-01,2026-09-24,1850,2021-09-01,2026-09-24,1850,2026-09-17,2026-09-24,176,2026-09-17,2026-09-24,176,0,0
119,vt7_Helsinki_Itäsalmi,2026-09-04 15:29,2026-09-25 14:57,9596,9596,9596,2026-09-21 14:45,2026-09-25 14:57,4,7256,4346,2026-09-17,2026-09-24,8,21059,2026-07-02,2026-09-24,84,4032,2024-09-01,2026-09-23,753,2024-09-01,2026-09-23,753,2021-09-01,2026-09-24,1850,2021-09-01,2026-09-24,1850,2026-09-17,2026-09-24,176,2026-09-17,2026-09-24,176,0,0
123,st120_Pähkinärinne,2026-09-04 15:27,2026-09-25 14:52,2614,2614,2614,2026-09-23 09:53,2026-09-25 14:52,4,0,1183,2026-09-17,2026-09-24,8,19742,2026-07-02,2026-09-24,84,4032,2024-09-01,2026-09-23,753,2024-09-01,2026-09-23,753,2021-09-01,2026-09-24,1850,2021-09-01,2026-09-24,1850,2026-09-17,2026-09-24,176,2026-09-17,2026-09-24,176,0,0
125,kt50_Bemböle,2026-09-04 15:24,2026-09-15 11:52,414,414,414,,,0,0,0,,,0,0,2026-07-02,2026-09-15,75,3572,2024-09-01,2026-09-15,745,2024-09-01,2026-09-15,740,2021-09-01,2026-09-15,1841,2021-09-01,2026-09-15,1836,2026-07-02,2026-09-15,150,2026-07-02,2026-09-15,150,0,0
126,st101_Konala,2026-09-04 15:25,2026-09-25 14:52,2538,2538,2538,2026-09-23 09:54,2026-09-25 14:52,6,0,1752,2026-09-17,2026-09-24,8,22347,2026-07-02,2026-09-24,84,4030,2024-09-01,2026-09-23,753,2024-09-01,2026-09-23,749,2021-09-01,2026-09-24,1626,2021-09-01,2026-09-24,1504,2026-09-17,2026-09-24,176,2026-09-17,2026-09-24,176,0,0
127,kt45_Tuusula_Rusutjärvi,2026-09-04 15:28,2026-09-25 14:52,2604,2604,2604,2026-09-23 09:53,2026-09-25 14:52,2,0,596,2026-09-17,2026-09-24,8,17435,2026-07-02,2026-09-24,84,4032,2024-09-01,2026-09-23,753,2024-09-01,2026-09-23,753,2021-09-01,2026-09-24,1850,2021-09-01,2026-09-24,1850,2026-09-17,2026-09-24,176,2026-09-17,2026-09-24,176,0,0
128,kt50_Voutila,2026-09-04 15:29,2026-09-25 14:57,9733,9733,9733,2026-09-21 14:45,2026-09-25 14:57,6,7862,6761,2026-09-17,2026-09-24,8,22869,2026-07-02,2026-09-24,84,4032,2024-09-01,2026-09-23,753,2024-09-01,2026-09-23,753,2021-09-01,2026-09-24,1738,2021-09-01,2026-09-24,1723,2026-09-17,2026-09-24,176,2026-09-17,2026-09-24,176,0,0
131,kt45_Helsinki_Tuomarinkartano,2026-09-04 15:24,2026-09-25 14:52,2546,2546,2546,2026-09-22 21:19,2026-09-25 14:52,7,0,1649,2026-09-17,2026-09-24,8,22660,2026-07-02,2026-09-24,84,4032,2024-09-01,2026-09-22,752,2024-09-01,2026-09-23,753,2021-09-01,2026-09-22,1848,2021-09-01,2026-09-24,1850,2026-09-17,2026-09-24,176,2026-09-17,2026-09-24,176,0,0
137,vt3_Vantaa_Keimola,2026-09-04 15:29,2026-09-25 14:57,9740,9740,9740,2026-09-21 14:44,2026-09-25 14:57,4,7636,4458,2026-09-17,2026-09-24,8,21991,2026-07-02,2026-09-24,84,4032,2024-09-01,2026-09-23,753,2024-09-01,2026-09-23,753,2021-09-01,2026-09-24,1850,2021-09-01,2026-09-24,1850,2026-09-17,2026-09-24,176,2026-09-17,2026-09-24,176,0,0
138,st120_Odilampi,2026-09-04 15:28,2026-09-25 14:53,2538,2538,2538,2026-09-23 09:47,2026-09-25 14:53,2,0,597,2026-09-17,2026-09-24,8,17266,2026-07-02,2026-09-24,84,4032,2024-12-04,2026-09-23,659,2024-12-04,2026-09-23,659,2021-09-01,2026-09-24,1291,2021-09-01,2026-09-24,1431,2026-09-17,2026-09-24,176,2026-09-17,2026-09-24,176,0,0
139,vt1_Nupuri,2026-09-04 15:29,2026-09-25 14:57,9598,9598,9598,2026-09-21 14:45,2026-09-25 14:57,6,8324,12484,2026-09-17,2026-09-24,8,21465,2026-07-02,2026-09-24,84,4032,2024-09-01,2026-09-23,753,2024-09-01,2026-09-23,753,2022-02-04,2026-09-24,1657,2022-02-04,2026-09-24,1668,2026-09-17,2026-09-24,176,2026-09-17,2026-09-24,176,0,0
140,kt50_Järvenperä,2026-09-04 15:29,2026-09-25 14:57,9600,9600,9600,2026-09-21 14:45,2026-09-25 14:57,4,7451,4438,2026-09-17,2026-09-24,8,21917,2026-07-02,2026-09-24,84,4032,2024-09-01,2026-09-23,753,2024-09-01,2026-09-23,753,2021-09-01,2026-09-24,1686,2021-09-01,2026-09-24,1774,2026-09-17,2026-09-24,176,2026-09-17,2026-09-24,176,0,0
143,kt51_Sundsberg,2026-09-04 15:28,2026-09-25 14:53,2574,2574,2574,2026-09-23 09:53,2026-09-25 14:53,4,0,1131,2026-09-17,2026-09-24,8,18722,2026-07-02,2026-09-24,84,4032,2024-09-01,2026-09-23,753,2024-09-01,2026-09-23,740,2021-09-01,2026-09-24,1850,2021-09-01,2026-09-24,1837,2026-09-17,2026-09-24,176,2026-09-17,2026-09-24,176,0,0
144,vt1_Friisinmäki,2026-09-04 15:29,2026-09-25 14:57,9584,9584,9584,2026-09-21 14:45,2026-09-25 14:57,8,16200,14696,2026-09-17,2026-09-24,8,22400,2026-07-02,2026-09-24,84,4032,2024-09-01,2026-09-23,753,2024-09-01,2026-09-23,753,2021-09-01,2026-09-24,1850,2021-09-01,2026-09-24,1849,2026-09-17,2026-09-24,176,2026-09-17,2026-09-24,176,0,0
145,st101_Kannelmäki,2026-09-04 15:26,2026-09-25 14:53,2238,2238,2238,2026-09-23 09:44,2026-09-25 14:53,7,0,1880,2026-09-17,2026-09-24,8,22409,2026-07-02,2026-09-24,84,4028,2024-09-01,2026-09-23,731,2024-09-01,2026-09-23,731,2021-09-01,2026-09-24,1799,2021-09-01,2026-09-24,1780,2026-09-17,2026-09-24,176,2026-09-17,2026-09-24,176,0,0
146,st101_Länsi-Pakila,2026-09-04 15:27,2026-09-25 14:53,2418,2418,2418,2026-09-23 09:49,2026-09-25 14:53,6,0,1772,2026-09-17,2026-09-24,8,22507,2026-07-02,2026-09-24,84,4030,2024-09-01,2026-09-23,753,2024-09-01,2026-09-23,745,2021-09-01,2026-09-24,1830,2021-09-01,2026-09-24,1796,2026-09-17,2026-09-24,176,2026-09-17,2026-09-24,176,0,0
147,st101_Pakila,2026-09-04 15:27,2026-09-25 14:53,1758,1758,1758,2026-09-23 08:39,2026-09-25 14:53,8,0,1312,2026-09-17,2026-09-24,8,22318,2026-07-02,2026-09-24,84,4030,2024-09-01,2026-09-23,753,2024-09-01,2026-09-23,751,2021-09-01,2026-09-23,1635,2021-09-01,2026-09-24,1532,2026-09-17,2026-09-24,176,2026-09-17,2026-09-24,176,0,0
148,st101_Pukinmäki,2026-09-04 15:24,2026-09-25 14:52,2616,2616,2616,2026-09-23 09:53,2026-09-25 14:52,4,0,1205,2026-09-17,2026-09-24,8,22397,2026-07-02,2026-09-24,84,4032,2024-09-01,2026-09-23,718,2024-09-01,2026-09-23,718,2021-09-01,2026-09-24,1815,2021-09-01,2026-09-24,1791,2026-09-17,2026-09-24,176,2026-09-17,2026-09-24,176,0,0
149,st101_Malmi,2026-09-04 15:24,2026-09-25 14:52,2304,2304,2304,2026-09-23 09:43,2026-09-25 14:52,4,0,1071,2026-09-17,2026-09-24,8,22503,2026-07-02,2026-09-24,84,4022,2024-09-01,2026-09-23,731,2024-09-01,2026-09-23,731,2021-09-01,2026-09-24,1828,2021-09-01,2026-09-24,1823,2026-09-17,2026-09-24,176,2026-09-17,2026-09-24,176,0,0
150,kt50_Vantaanportti,2026-09-04 15:29,2026-09-25 14:57,8966,8966,8966,2026-09-21 14:45,2026-09-25 14:57,6,7875,11812,2026-09-17,2026-09-24,8,17112,2026-07-02,2026-09-24,84,3869,2024-09-01,2026-09-23,753,2024-09-01,2026-09-23,746,2021-09-01,2026-09-23,1767,2021-09-01,2026-09-24,1788,2026-09-17,2026-09-24,176,2026-09-17,2026-09-24,176,0,0
153,kt45_Oulunkylä,2026-09-04 15:24,2026-09-25 14:53,2616,2616,2616,2026-09-23 09:54,2026-09-25 14:53,6,0,1787,2026-09-17,2026-09-24,8,22471,2026-07-02,2026-09-24,84,4032,2024-09-01,2026-09-23,753,2024-09-01,2026-09-23,753,2021-09-01,2026-09-24,1850,2021-09-01,2026-09-24,1850,2026-09-17,2026-09-24,176,2026-09-17,2026-09-24,176,0,0
154,vt4_Viikinmäki,2026-09-04 15:24,2026-09-25 14:52,2552,2552,2552,2026-09-23 09:54,2026-09-25 14:52,6,0,1743,2026-09-17,2026-09-24,8,21980,2026-07-02,2026-09-24,84,4020,2024-09-01,2026-09-23,753,2024-09-01,2026-09-23,747,2021-09-01,2026-09-24,1850,2021-09-01,2026-09-24,1839,2026-09-17,2026-09-24,176,2026-09-17,2026-09-24,176,0,0
159,kt50_Petikko,2026-09-04 15:29,2026-09-25 14:57,9738,9738,9738,2026-09-21 14:45,2026-09-25 14:57,4,7875,4455,2026-09-17,2026-09-24,8,22305,2026-07-02,2026-09-24,84,4032,2024-09-01,2026-09-23,753,2024-09-01,2026-09-23,753,2021-09-01,2026-09-24,1770,2021-09-01,2026-09-24,1759,2026-09-17,2026-09-24,176,2026-09-17,2026-09-24,176,0,0
160,kt50_Heidehof,2026-09-04 15:29,2026-09-25 14:57,9728,9728,9728,2026-09-21 14:45,2026-09-25 14:57,6,12903,12903,2026-09-17,2026-09-24,8,22761,2026-07-02,2026-09-24,84,4012,2024-09-01,2026-09-23,753,2024-09-01,2026-09-23,753,2021-09-01,2026-09-24,1602,2021-09-01,2026-09-24,1665,2026-09-17,2026-09-24,176,2026-09-17,2026-09-24,176,0,0
162,st102_Olarinluoma,2026-09-04 15:27,2026-09-25 14:53,2564,2564,2564,2026-09-23 09:54,2026-09-25 14:53,5,0,1460,2026-09-17,2026-09-24,8,22003,2026-07-02,2026-09-24,84,4032,2024-09-01,2026-09-23,753,2024-09-01,2026-09-23,753,2021-09-01,2026-09-24,1850,2021-09-01,2026-09-24,1835,2026-09-17,2026-09-24,176,2026-09-17,2026-09-24,176,0,0
163,st102_Kokinkylä,2026-09-04 15:27,2026-09-25 14:53,2570,2570,2570,2026-09-23 09:53,2026-09-25 14:53,4,0,1206,2026-09-17,2026-09-24,8,22025,2026-07-02,2026-09-24,84,4032,2024-09-01,2026-09-23,753,2024-09-01,2026-09-23,753,2021-09-01,2026-09-24,1850,2021-09-01,2026-09-24,1832,2026-09-17,2026-09-24,176,2026-09-17,2026-09-24,176,0,0
164,vt3_Kivihaka,2026-09-04 15:28,2026-09-25 14:52,2588,2588,2588,2026-09-23 09:53,2026-09-25 14:52,5,0,1511,2026-09-17,2026-09-24,8,21834,2026-07-02,2026-09-24,84,4032,2024-09-01,2026-09-23,753,2024-09-01,2026-09-23,753,2021-09-01,2026-09-24,1850,2021-09-01,2026-09-24,1849,2026-09-17,2026-09-24,176,2026-09-17,2026-09-24,176,0,0
165,vt3_Hakuninmaa,2026-09-04 15:27,2026-09-25 14:52,2578,2578,2578,2026-09-23 09:53,2026-09-25 14:52,4,0,1200,2026-09-18,2026-09-24,7,19466,2026-07-02,2026-09-24,84,4032,2024-09-01,2026-09-23,753,2024-09-01,2026-09-23,750,2021-09-01,2026-09-24,1850,2021-09-01,2026-09-24,1843,2026-09-18,2026-09-24,175,2026-09-18,2026-09-24,175,0,0
167,vt1_Espoo_Sepänkylä,2026-09-04 15:29,2026-09-25 14:57,9490,9490,9490,2026-09-21 14:45,2026-09-25 14:57,6,12171,12171,2026-09-18,2026-09-24,7,18911,2026-07-02,2026-09-24,84,4032,2024-09-01,2026-09-23,753,2024-09-01,2026-09-23,753,2021-09-01,2026-09-24,1850,2021-09-01,2026-09-24,1847,2026-09-18,2026-09-24,175,2026-09-18,2026-09-24,175,0,0
168,kt50_Askisto,2026-09-04 15:29,2026-09-25 14:57,9592,9592,9592,2026-09-21 13:11,2026-09-25 14:57,6,5733,4898,2026-09-18,2026-09-24,7,19313,2026-07-02,2026-09-24,84,4032,2024-09-01,2026-09-23,753,2024-09-01,2026-09-23,753,2023-09-20,2026-09-24,1101,2023-09-07,2026-09-24,1114,2026-09-18,2026-09-24,175,2026-09-18,2026-09-24,175,0,0
169,kt50_Pakkala,2026-09-04 15:29,2026-09-25 14:57,9586,9586,9586,2026-09-21 14:45,2026-09-25 14:57,6,6929,12471,2026-09-18,2026-09-24,7,19998,2026-07-02,2026-09-24,84,4032,2024-09-01,2026-09-23,753,2024-09-01,2026-09-23,753,2021-09-01,2026-09-24,1777,2021-09-01,2026-09-24,1775,2026-09-18,2026-09-24,175,2026-09-18,2026-09-24,175,0,0
172,vt7_Helsinki_Bäcknäs,2026-09-04 15:29,2026-09-25 14:57,9602,9602,9602,2026-09-21 14:45,2026-09-25 14:57,4,7235,4331,2026-09-18,2026-09-24,7,17452,2026-07-02,2026-09-24,84,4005,2024-09-01,2026-09-23,753,2024-09-01,2026-09-23,753,2021-09-01,2026-09-23,1625,2021-09-01,2026-09-24,1740,2026-09-18,2026-09-24,175,2026-09-18,2026-09-24,175,0,0
175,vt1_Espoo_Lommila,2026-09-04 15:29,2026-09-25 14:57,9608,9528,9608,2026-09-21 14:45,2026-09-25 14:57,6,8331,12495,2026-09-18,2026-09-24,7,17770,2026-07-02,2026-09-24,82,3887,2024-09-01,2026-09-23,753,2024-09-01,2026-09-23,751,2021-09-01,2026-09-24,1850,2021-09-01,2026-09-24,1848,2026-09-18,2026-09-24,171,2026-09-18,2026-09-24,171,0,0
179,vt7_Fazerila,,,0,0,0,,,0,0,0,,,0,0,,,0,0,2024-09-01,2025-12-22,478,2024-09-01,2025-12-16,472,2021-09-01,2025-12-22,1574,2021-09-01,2025-12-16,1568,,,0,,,0,0,0
182,kt50_Hakunila,2026-09-04 15:29,2026-09-25 14:57,9744,9744,9744,2026-09-21 14:45,2026-09-25 14:57,8,11312,8749,2026-09-18,2026-09-24,7,19484,2026-07-02,2026-09-24,84,4032,2024-09-01,2026-09-23,753,2024-09-01,2026-09-23,753,2021-09-01,2026-09-24,1796,2021-09-01,2026-09-24,1793,2026-09-18,2026-09-24,175,2026-09-18,2026-09-24,175,0,0
183,kt50_Järvenperä2,2026-09-04 15:29,2026-09-25 14:57,9741,9741,9741,2026-09-21 14:44,2026-09-25 14:57,4,7758,4448,2026-09-18,2026-09-24,7,19111,2026-07-02,2026-09-24,84,4032,2024-09-01,2026-09-23,753,2024-09-01,2026-09-23,753,2021-09-01,2026-09-24,1739,2021-09-01,2026-09-24,1734,2026-09-18,2026-09-24,175,2026-09-18,2026-09-24,175,0,0
191,vt1_Kolmiranta,2026-09-04 15:29,2026-09-25 14:57,9739,9739,9739,2026-09-21 14:45,2026-09-25 14:57,4,7688,4377,2026-09-18,2026-09-24,7,18658,2026-07-02,2026-09-24,84,4032,2024-09-01,2026-09-23,753,2024-09-01,2026-09-23,753,2021-10-27,2026-09-24,1746,2021-10-27,2026-09-24,1740,2026-09-18,2026-09-24,175,2026-09-18,2026-09-24,175,0,0
196,Niinisaarentie,,,0,0,0,,,0,0,0,,,0,0,2026-05-04,2026-05-04,1,24,2024-09-01,2026-05-04,611,2024-09-01,2026-05-04,603,2021-09-01,2026-05-04,1707,2021-09-01,2026-05-04,1690,2026-05-04,2026-05-04,2,2026-05-04,2026-05-04,2,0,0
20002,vt1_Espoo_Hirvisuo,2026-09-04 15:29,2026-09-25 14:57,9746,9746,9746,2026-09-21 14:45,2026-09-25 14:57,6,10780,12936,2026-09-15,2026-09-24,8,20400,2026-07-02,2026-09-24,84,4032,2024-09-01,2026-09-23,753,2024-09-01,2026-09-23,753,2021-11-30,2026-09-24,1667,2021-11-30,2026-09-24,1659,2026-09-15,2026-09-24,160,2026-09-15,2026-09-24,160,0,0
20004,vt1_Espoo_Kasavuori,2026-09-04 15:29,2026-09-25 14:57,9746,9746,9746,2026-09-21 14:45,2026-09-25 14:57,6,8623,12933,2026-09-18,2026-09-24,7,18121,2026-07-02,2026-09-24,84,4032,2024-09-01,2026-09-23,753,2024-09-01,2026-09-23,753,2021-11-30,2026-09-24,1707,2021-11-30,2026-09-24,1692,2026-09-18,2026-09-24,173,2026-09-18,2026-09-24,173,0,0
20005,vt1_Espoo_Sepänkylä_LML,2026-09-04 15:29,2026-09-25 14:57,9746,9746,9746,2026-09-21 14:45,2026-09-25 14:57,6,12933,12933,2026-09-18,2026-09-24,7,19196,2026-07-02,2026-09-24,84,4016,2024-09-01,2026-09-23,753,2024-09-01,2026-09-23,753,2021-11-30,2026-09-24,1727,2021-11-30,2026-09-24,1726,2026-09-18,2026-09-24,175,2026-09-18,2026-09-24,175,0,0
20006,vt1_Espoo_Kuurinniitty,2026-09-04 15:29,2026-09-25 14:57,9746,9746,9746,2026-09-21 14:45,2026-09-25 14:57,6,12936,12936,2026-09-18,2026-09-24,7,19047,2026-07-02,2026-09-24,84,4028,2024-09-01,2026-09-23,753,2024-09-01,2026-09-23,753,2021-11-30,2026-09-24,1666,2021-11-30,2026-09-24,1662,2026-09-18,2026-09-24,175,2026-09-18,2026-09-24,175,0,0
20007,vt1_Espoo_Tuomarila,2026-09-04 15:29,2026-09-25 14:57,9746,9746,9746,2026-09-21 14:45,2026-09-25 14:57,6,8624,12936,2026-09-18,2026-09-24,7,18091,2026-07-02,2026-09-24,84,4032,2024-09-01,2026-09-23,753,2024-09-01,2026-09-23,753,2021-11-30,2026-09-23,1738,2021-11-30,2026-09-24,1734,2026-09-18,2026-09-24,175,2026-09-18,2026-09-24,175,0,0
20009,vt1_Espoo_Stensgård,2026-09-04 15:29,2026-09-25 14:57,9746,9746,9746,2026-09-21 14:45,2026-09-25 14:57,6,8624,12936,2026-09-18,2026-09-24,7,17573,2026-07-02,2026-09-24,84,4032,2024-09-01,2026-09-23,753,2024-09-01,2026-09-23,753,2021-11-30,2026-09-24,1722,2021-11-30,2026-09-24,1706,2026-09-18,2026-09-24,175,2026-09-18,2026-09-24,175,0,0
20010,vt1_Espoo_Turveradantie,2026-09-04 15:29,2026-09-25 14:57,9745,9745,9745,2026-09-21 14:45,2026-09-25 14:57,6,12931,12931,2026-09-18,2026-09-24,7,19451,2026-07-02,2026-09-24,84,4032,2024-09-01,2026-09-23,753,2024-09-01,2026-09-23,753,2021-11-30,2026-09-24,1760,2021-11-30,2026-09-24,1756,2026-09-18,2026-09-24,175,2026-09-18,2026-09-24,175,0,0
20011,vt1_Espoo_Sinimäki,2026-09-04 15:29,2026-09-25 14:57,9746,9746,9746,2026-09-21 14:45,2026-09-25 14:57,6,12936,12936,2026-09-18,2026-09-24,7,19473,2026-07-02,2026-09-24,84,4032,2024-09-01,2026-09-23,753,2024-09-01,2026-09-23,753,2021-11-30,2026-09-24,1442,2021-11-30,2026-09-24,1726,2026-09-18,2026-09-24,175,2026-09-18,2026-09-24,175,0,0
20013,vt1_Espoo_Sinimäki_2,2026-09-04 15:29,2026-09-25 14:57,9746,9746,9746,2026-09-21 14:44,2026-09-25 14:57,7,14605,13954,2026-09-18,2026-09-24,7,19817,2026-07-02,2026-09-24,84,4032,2024-09-01,2026-09-23,753,2024-09-01,2026-09-23,753,2021-11-30,2026-09-24,1289,2021-11-30,2026-09-24,1694,2026-09-18,2026-09-24,175,2026-09-18,2026-09-24,175,0,0
20016,vt1_Espoo_Säterinmetsä_2_Hki,2026-09-04 15:29,2026-09-25 14:57,9746,4873,9746,2026-09-21 14:45,2026-09-25 14:57,6,6468,12936,2026-09-18,2026-09-24,7,9613,2026-07-02,2026-09-24,84,2016,2024-09-01,2026-09-23,753,2024-09-01,2026-09-23,753,2021-11-30,2026-09-24,1592,2021-11-30,2026-09-24,1725,2026-09-18,2026-09-24,175,2026-09-18,2026-09-24,175,0,0
20017,vt1_Espoo_Espoonsilta,2026-09-04 15:29,2026-09-25 14:57,9746,9746,9746,2026-09-21 14:45,2026-09-25 14:57,9,18891,16335,2026-09-18,2026-09-24,7,19546,2026-07-02,2026-09-24,84,4032,2024-09-01,2026-09-23,753,2024-09-01,2026-09-23,753,2021-11-30,2026-09-24,1154,2021-11-30,2026-09-24,1692,2026-09-18,2026-09-24,175,2026-09-18,2026-09-24,175,0,0
20018,vt1_Espoo_Ruukinranta,2026-09-04 15:29,2026-09-25 14:57,9746,9746,9746,2026-09-21 14:45,2026-09-25 14:57,6,12936,12936,2026-09-18,2026-09-24,7,17580,2026-07-02,2026-09-24,84,4032,2024-09-01,2026-09-23,753,2024-09-01,2026-09-23,753,2021-11-30,2026-09-24,1712,2021-11-30,2026-09-24,1700,2026-09-18,2026-09-24,147,2026-09-18,2026-09-24,147,0,0
20021,vt3_Kotamäki_HML,2026-09-04 15:29,2026-09-25 14:57,9746,4873,9746,2026-09-21 14:45,2026-09-25 14:57,6,6468,12936,2026-09-18,2026-09-24,7,9623,2026-07-02,2026-09-24,84,2016,2024-09-01,2026-09-23,753,2024-09-01,2026-09-23,753,2022-03-26,2026-09-24,1644,2022-03-26,2026-09-24,1644,2026-09-18,2026-09-24,175,2026-09-18,2026-09-24,175,0,0
20024,vt3_Mäyränkallio,2026-09-04 15:29,2026-09-25 14:57,9746,9746,9746,2026-09-21 14:45,2026-09-25 14:57,7,14597,13984,2026-09-18,2026-09-24,7,6784,2026-07-02,2026-09-24,84,2005,2024-09-01,2026-09-23,753,2024-09-01,2026-09-23,752,2022-03-26,2026-09-23,1610,2022-03-26,2026-09-24,1633,2026-09-18,2026-09-24,175,2026-09-18,2026-09-24,175,0,0
20025,vt3_Yli-Hemmi,2026-09-04 15:29,2026-09-25 14:57,9746,9746,9746,2026-09-21 14:45,2026-09-25 14:57,6,8624,12936,2026-09-18,2026-09-24,7,18636,2026-07-02,2026-09-24,84,4026,2024-09-01,2026-09-23,753,2024-09-01,2026-09-23,753,2022-05-02,2026-09-24,1607,2022-03-26,2026-09-24,1643,2026-09-18,2026-09-24,175,2026-09-18,2026-09-24,175,0,0
20027,vt3_Peräjä_Hki,2026-09-04 15:29,2026-09-25 14:57,9744,4872,9744,2026-09-21 14:45,2026-09-25 14:57,6,6465,12930,2026-09-18,2026-09-24,7,9580,2026-07-02,2026-09-24,79,1873,2024-09-01,2026-09-23,753,2024-09-01,2026-09-23,747,2022-03-27,2026-09-24,1571,2022-03-27,2026-09-24,1569,2026-09-18,2026-09-24,165,2026-09-18,2026-09-24,165,0,0
20028,st170_Kulosaari_LML,2026-09-04 15:29,2026-09-25 14:57,9744,0,9744,2026-09-21 14:45,2026-09-25 14:57,6,0,12930,,,0,0,,,0,0,2024-09-01,2026-02-20,538,2024-09-01,2026-02-20,538,2022-09-13,2026-02-20,1257,2022-09-13,2026-02-20,1256,,,0,,,0,0,0
20029,vt3_Pirkkola_Wavetronix,2026-09-04 15:29,2026-09-25 14:57,9745,9745,9745,2026-09-21 14:45,2026-09-25 14:57,6,0,12926,2026-09-18,2026-09-24,7,19430,2026-07-02,2026-09-24,81,3838,2025-12-01,2026-09-23,297,2025-11-20,2026-09-23,303,2025-12-01,2026-09-24,298,2025-11-20,2026-09-24,304,2026-09-18,2026-09-24,169,2026-09-18,2026-09-24,169,0,0
20030,kt51_Westend_Wavetronix,2026-09-04 15:29,2026-09-25 14:57,9748,9748,9748,2026-09-21 14:44,2026-09-25 14:57,8,14416,12929,2026-09-18,2026-09-24,7,18955,2026-07-02,2026-09-24,84,4030,2025-12-12,2026-09-23,286,2025-12-11,2026-09-23,287,2025-12-12,2026-09-24,287,2025-12-11,2026-09-24,288,2026-09-18,2026-09-24,175,2026-09-18,2026-09-24,175,0,0
