tms_number,name,provider_station_id,official_road_number,official_road_section,official_road_distance_m,installation_type,official_direction_1_label,official_direction_1_lanes,official_direction_2_label,official_direction_2_lanes,bearing_degrees,direction_1_heading_degrees,direction_1_heading_compass,direction_2_heading_degrees,direction_2_heading_compass,freshness,direction_1_live_state,direction_1_speed_kmh,direction_1_flow_vehicles_per_hour,direction_1_measured_at,direction_2_live_state,direction_2_speed_kmh,direction_2_flow_vehicles_per_hour,direction_2_measured_at,official_lane_count,live_lane_row_count,official_lane_rows_present,missing_official_lane_numbers,extra_zero_placeholder_lane_numbers,lane_direction_mismatch_count,active_unmapped_lane_count,expected_hourly_coverage,expected_daily_coverage,corridor_ready_directions,notes
3,kt51_Kivenlahti,23003,51,6,2385,TWO_DIRECTION,Kirkkonummi,4,Helsinki,3,270,270,W,90,E,FRESH,COMPLETE,78,1356,2026-09-24T08:48:33.000Z,COMPLETE,85,912,2026-09-24T08:48:33.000Z,7,7,7,,,0,0,COMPLETE,COMPLETE,2,
4,vt3_Kivistö,23004,3,103,913,TWO_DIRECTION,Hämeenlinna,3,Helsinki,3,335,335,NW,155,SE,FRESH,COMPLETE,92,1500,2026-09-24T08:51:36.000Z,COMPLETE,88,1752,2026-09-24T08:51:36.000Z,6,6,6,,,0,0,COMPLETE,COMPLETE,2,
5,vt3_Klaukkalantie,23005,3,103,7467,TWO_DIRECTION,Hämeenlinna,2,Helsinki,2,335,335,NW,155,SE,FRESH,COMPLETE,99,672,2026-09-24T08:51:35.000Z,COMPLETE,103,696,2026-09-24T08:51:35.000Z,4,4,4,,,0,0,COMPLETE,COMPLETE,2,
6,st102_Hiidenkallio,23006,102,2,3476,TWO_DIRECTION,Karamalmi,2,Matinkylä,2,10,10,N,190,S,FRESH,COMPLETE,64,480,2026-09-24T08:51:33.000Z,COMPLETE,63,528,2026-09-24T08:51:33.000Z,4,4,4,,,0,0,COMPLETE,COMPLETE,2,
7,vt4_Vantaa_Honkanummi,23007,4,104,1520,TWO_DIRECTION,Lahti,2,Helsinki,2,10,10,N,190,S,STALE,COMPLETE,102,1668,2026-09-24T08:47:37.000Z,COMPLETE,105,1728,2026-09-24T08:47:37.000Z,4,4,4,,,0,0,COMPLETE,COMPLETE,2,
8,vt4_Vantaa_Leppäkorpi,23008,4,106,2059,TWO_DIRECTION,Lahti,2,Helsinki,2,10,10,N,190,S,STALE,COMPLETE,109,1188,2026-09-24T08:47:05.000Z,COMPLETE,109,1080,2026-09-24T08:47:05.000Z,4,4,4,,,0,0,COMPLETE,COMPLETE,2,
9,kt45_Vantaa_Ilola,23009,45,3,3864,TWO_DIRECTION,Tuusula,3,Helsinki,3,10,10,N,190,S,FRESH,COMPLETE,92,1512,2026-09-24T08:48:48.000Z,COMPLETE,99,1548,2026-09-24T08:48:48.000Z,6,6,6,,,0,0,COMPLETE,COMPLETE,0,
10,st101_Espoo_Laajalahti,23010,101,2,1807,TWO_DIRECTION,Itäkeskus,3,Tapiola,3,10,10,N,190,S,FRESH,COMPLETE,67,1296,2026-09-24T08:51:28.000Z,COMPLETE,68,288,2026-09-24T08:51:28.000Z,6,4,4,"5,6",,0,0,COMPLETE,COMPLETE,2,Official lane rows missing from live snapshot
11,st101_Helsinki_Vartiokylä,23011,101,8,3430,TWO_DIRECTION,Itäkeskus,2,Tapiola,2,160,160,S,340,N,STALE,COMPLETE,53,1632,2026-09-24T08:47:37.000Z,COMPLETE,60,1668,2026-09-24T08:47:37.000Z,4,4,4,,,0,0,COMPLETE,COMPLETE,2,
12,kt50_Espoo_Muurala,23012,50,1,11091,TWO_DIRECTION,Vantaa,3,Kirkkonummi,3,25,25,NE,205,SW,STALE,COMPLETE,82,1104,2026-09-24T08:47:07.000Z,COMPLETE,87,696,2026-09-24T08:47:07.000Z,6,6,6,,,0,0,COMPLETE,COMPLETE,0,
13,vt3_Vantaa_Martinkyläntie,23013,3,102,3015,TWO_DIRECTION,Hämeenlinna,4,Helsinki,2,358,358,N,178,S,FRESH,COMPLETE,74,1044,2026-09-24T08:48:42.000Z,COMPLETE,82,1248,2026-09-24T08:48:42.000Z,6,5,5,3,,0,0,COMPLETE,COMPLETE,2,Official lane rows missing from live snapshot
98,kt51_Espoo_Piispansilta,23098,51,5,922,TWO_DIRECTION,Kirkkonummi,3,Helsinki,3,270,270,W,90,E,STALE,COMPLETE,85,1368,2026-09-24T08:47:44.000Z,COMPLETE,84,1332,2026-09-24T08:47:44.000Z,6,6,6,,,0,0,COMPLETE,COMPLETE,2,
101,kt51_Hanasaari,23101,51,3,3797,TWO_DIRECTION,Espoo,3,Helsinki,3,280,280,W,100,E,STALE,COMPLETE,83,1764,2026-09-24T08:47:46.000Z,COMPLETE,84,1740,2026-09-24T08:47:46.000Z,6,6,6,,,0,0,COMPLETE,COMPLETE,2,
102,kt51_Soukka,23102,51,6,3820,TWO_DIRECTION,Kirkkonummi,2,Helsinki,2,292,292,W,112,E,FRESH,COMPLETE,86,960,2026-09-24T08:48:43.000Z,COMPLETE,87,972,2026-09-24T08:48:43.000Z,4,4,4,,,0,0,COMPLETE,COMPLETE,0,
103,vt1_Espoo_Huopalahti,23103,1,3,2210,TWO_DIRECTION,Turku,2,Helsinki,3,291,291,W,111,E,FRESH,COMPLETE,96,732,2026-09-24T08:51:35.000Z,COMPLETE,95,708,2026-09-24T08:51:36.000Z,5,6,5,,6,0,0,COMPLETE,COMPLETE,2,Inactive zero-value placeholder lane rows present
107,vt3_Kaivoksela,23107,3,102,799,TWO_DIRECTION,Hämeenlinna,2,Helsinki,2,358,358,N,178,S,FRESH,COMPLETE,82,1656,2026-09-24T08:48:46.000Z,COMPLETE,83,1416,2026-09-24T08:48:46.000Z,4,4,4,,,0,0,COMPLETE,COMPLETE,2,
109,vt4_Jakomäki,23109,4,103,2500,TWO_DIRECTION,Lahti,2,Helsinki,2,21,21,N,201,S,FRESH,COMPLETE,95,1284,2026-09-24T08:48:31.000Z,COMPLETE,99,1464,2026-09-24T08:48:31.000Z,4,4,4,,,0,0,COMPLETE,COMPLETE,2,
116,st101_Leppävaara,23116,101,3,490,TWO_DIRECTION,Itäkeskus,3,Tapiola,3,2,2,N,182,S,FRESH,COMPLETE,71,1740,2026-09-24T08:51:35.000Z,COMPLETE,73,1848,2026-09-24T08:51:36.000Z,6,6,6,,,0,0,COMPLETE,COMPLETE,2,
117,vt1_Munkkiniemi,23117,1,3,500,TWO_DIRECTION,Turku,2,Helsinki,3,280,280,W,100,E,STALE,COMPLETE,42,708,2026-09-24T08:47:02.000Z,COMPLETE,48,744,2026-09-24T08:47:02.000Z,5,4,4,3,,0,0,COMPLETE,COMPLETE,2,Official lane rows missing from live snapshot
118,st101_Espoo_Keilaniemi,23118,101,1,278,TWO_DIRECTION,Itäkeskus,5,Länsiväylä,3,5,5,N,185,S,FRESH,COMPLETE,61,1188,2026-09-24T08:48:42.000Z,COMPLETE,69,1032,2026-09-24T08:48:42.000Z,8,8,8,,,0,0,COMPLETE,COMPLETE,2,
119,vt7_Helsinki_Itäsalmi,23119,7,2,2381,TWO_DIRECTION,Porvoo,2,Helsinki,2,250,250,W,70,E,FRESH,COMPLETE,108,768,2026-09-24T08:51:36.000Z,COMPLETE,106,792,2026-09-24T08:51:36.000Z,4,4,4,,,0,0,COMPLETE,COMPLETE,0,
123,st120_Pähkinärinne,23123,120,3,2580,TWO_DIRECTION,Vihti,2,Helsinki,2,315,315,NW,135,SE,FRESH,COMPLETE,63,816,2026-09-24T08:48:51.000Z,COMPLETE,68,492,2026-09-24T08:48:51.000Z,4,4,4,,,0,0,COMPLETE,COMPLETE,0,
125,kt50_Bemböle,23125,50,1,9022,TWO_DIRECTION,Vantaa,1,Kirkkonummi,1,78,78,E,258,W,OUTDATED,COMPLETE,76,576,2026-09-15T08:52:02.000Z,COMPLETE,81,564,2026-09-15T08:52:02.000Z,2,0,0,"1,2",,0,0,COMPLETE,COMPLETE,0,Official lane rows missing from live snapshot
126,st101_Konala,23126,101,4,2045,TWO_DIRECTION,Itäkeskus,3,Tapiola,3,88,88,E,268,W,STALE,COMPLETE,81,2652,2026-09-24T08:43:04.000Z,COMPLETE,76,2196,2026-09-24T08:43:04.000Z,6,6,6,,,0,0,COMPLETE,COMPLETE,2,
127,kt45_Tuusula_Rusutjärvi,23127,45,6,3360,TWO_DIRECTION,Hyvinkää,1,Helsinki,1,325,325,NW,145,SE,FRESH,COMPLETE,78,288,2026-09-24T08:48:17.000Z,COMPLETE,72,216,2026-09-24T08:48:17.000Z,2,2,2,,,0,0,COMPLETE,COMPLETE,0,
128,kt50_Voutila,23128,50,6,641,TWO_DIRECTION,Vantaa,3,Espoo,3,89,89,E,269,W,FRESH,COMPLETE,79,3072,2026-09-24T08:51:36.000Z,COMPLETE,82,2496,2026-09-24T08:51:36.000Z,6,6,6,,,0,0,COMPLETE,COMPLETE,0,
131,kt45_Helsinki_Tuomarinkartano,23131,45,2,3200,TWO_DIRECTION,Tuusula,4,Helsinki,3,30,30,NE,210,SW,STALE,COMPLETE,87,1800,2026-09-24T08:47:43.000Z,COMPLETE,88,432,2026-09-24T08:47:43.000Z,7,7,7,,,0,0,COMPLETE,COMPLETE,0,
137,vt3_Vantaa_Keimola,23137,3,103,4180,TWO_DIRECTION,Hämeenlinna,2,Helsinki,2,335,335,NW,155,SE,FRESH,COMPLETE,100,1140,2026-09-24T08:51:34.000Z,COMPLETE,99,1320,2026-09-24T08:51:34.000Z,4,4,4,,,0,0,COMPLETE,COMPLETE,2,
138,st120_Odilampi,23138,120,4,4946,TWO_DIRECTION,Vihti,1,Helsinki,1,296,296,NW,116,SE,FRESH,COMPLETE,63,192,2026-09-24T08:48:35.000Z,COMPLETE,63,168,2026-09-24T08:48:35.000Z,2,2,2,,,0,0,COMPLETE,COMPLETE,0,
139,vt1_Nupuri,23139,1,6,2930,TWO_DIRECTION,Turku,2,Helsinki,2,298,298,NW,118,SE,FRESH,COMPLETE,102,1140,2026-09-24T08:51:36.000Z,COMPLETE,105,1248,2026-09-24T08:51:36.000Z,4,6,4,,"5,6",0,0,COMPLETE,COMPLETE,2,Inactive zero-value placeholder lane rows present
140,kt50_Järvenperä,23140,50,3,4806,TWO_DIRECTION,Vantaa,2,Espoo,2,34,34,NE,214,SW,FRESH,COMPLETE,94,1524,2026-09-24T08:51:36.000Z,COMPLETE,97,1332,2026-09-24T08:51:36.000Z,4,4,4,,,0,0,COMPLETE,COMPLETE,0,
143,kt51_Sundsberg,23143,51,7,3950,TWO_DIRECTION,Kirkkonummi,2,Helsinki,2,45,45,NE,225,SW,STALE,COMPLETE,103,612,2026-09-24T08:47:04.000Z,COMPLETE,100,720,2026-09-24T08:47:04.000Z,4,4,4,,,0,0,COMPLETE,COMPLETE,2,
144,vt1_Friisinmäki,23144,1,4,1200,TWO_DIRECTION,Turku,4,Helsinki,4,260,260,W,80,E,FRESH,COMPLETE,98,1896,2026-09-24T08:51:36.000Z,COMPLETE,93,1992,2026-09-24T08:51:36.000Z,8,8,8,,,0,0,COMPLETE,COMPLETE,2,
145,st101_Kannelmäki,23145,101,5,1000,TWO_DIRECTION,Itäkeskus,3,Tapiola,4,93,93,E,273,W,STALE,COMPLETE,64,3000,2026-09-24T08:46:01.000Z,COMPLETE,60,3000,2026-09-24T08:46:01.000Z,7,7,7,,,0,0,COMPLETE,COMPLETE,0,
146,st101_Länsi-Pakila,23146,101,6,1180,TWO_DIRECTION,Itäkeskus,3,Tapiola,3,66,66,NE,246,SW,FRESH,COMPLETE,58,3384,2026-09-24T08:48:44.000Z,COMPLETE,79,3096,2026-09-24T08:48:44.000Z,6,6,6,,,0,0,COMPLETE,COMPLETE,2,
147,st101_Pakila,23147,101,6,2220,TWO_DIRECTION,Itäkeskus,4,Tapiola,4,66,66,NE,246,SW,STALE,COMPLETE,64,3024,2026-09-24T08:47:55.000Z,COMPLETE,63,2196,2026-09-24T08:47:55.000Z,8,8,8,,,0,0,COMPLETE,COMPLETE,0,
148,st101_Pukinmäki,23148,101,7,2100,TWO_DIRECTION,Itäkeskus,2,Tapiola,2,105,105,E,285,W,STALE,COMPLETE,82,1980,2026-09-24T08:47:50.000Z,COMPLETE,80,2124,2026-09-24T08:47:50.000Z,4,4,4,,,0,0,COMPLETE,COMPLETE,2,
149,st101_Malmi,23149,101,7,4725,TWO_DIRECTION,Itäkeskus,2,Tapiola,2,90,90,E,270,W,STALE,COMPLETE,77,1764,2026-09-24T08:42:50.000Z,COMPLETE,76,1944,2026-09-24T08:42:50.000Z,4,4,4,,,0,0,COMPLETE,COMPLETE,0,
150,kt50_Vantaanportti,23150,50,6,6748,TWO_DIRECTION,Vantaa,5,Espoo,5,130,130,SE,310,NW,FRESH,COMPLETE,82,2796,2026-09-24T08:51:36.000Z,COMPLETE,86,336,2026-09-24T08:51:36.000Z,10,6,6,"7,8,9,10",,0,0,COMPLETE,COMPLETE,2,Official lane rows missing from live snapshot
153,kt45_Oulunkylä,23153,45,1,4900,TWO_DIRECTION,Tuusula,3,Helsinki,3,10,10,N,190,S,STALE,COMPLETE,83,1200,2026-09-24T08:47:07.000Z,COMPLETE,80,1272,2026-09-24T08:47:07.000Z,6,6,6,,,0,0,COMPLETE,COMPLETE,0,
154,vt4_Viikinmäki,23154,4,102,1000,TWO_DIRECTION,Lahti,3,Helsinki,3,70,70,E,250,W,STALE,COMPLETE,96,1080,2026-09-24T08:47:43.000Z,COMPLETE,94,1152,2026-09-24T08:47:43.000Z,6,6,6,,,0,0,COMPLETE,COMPLETE,0,
159,kt50_Petikko,23159,50,5,650,TWO_DIRECTION,Vantaa,2,Espoo,2,60,60,NE,240,SW,FRESH,COMPLETE,78,1872,2026-09-24T08:51:37.000Z,COMPLETE,79,1440,2026-09-24T08:51:37.000Z,4,4,4,,,0,0,COMPLETE,COMPLETE,0,
160,kt50_Heidehof,23160,50,7,3800,TWO_DIRECTION,Vantaa,3,Espoo,3,89,89,E,269,W,FRESH,COMPLETE,81,1944,2026-09-24T08:51:34.000Z,COMPLETE,81,2268,2026-09-24T08:51:36.000Z,6,6,6,,,0,0,COMPLETE,COMPLETE,2,
162,st102_Olarinluoma,23162,102,1,1241,TWO_DIRECTION,Matinkylä,3,Länsiväylä,2,10,10,N,190,S,STALE,COMPLETE,84,1596,2026-09-24T08:47:35.000Z,COMPLETE,81,1740,2026-09-24T08:47:35.000Z,5,5,5,,,0,0,COMPLETE,COMPLETE,2,
163,st102_Kokinkylä,23163,102,2,1071,TWO_DIRECTION,Turunväylä,2,Länsiväylä,2,355,355,N,175,S,FRESH,COMPLETE,82,1608,2026-09-24T08:48:36.000Z,COMPLETE,85,1704,2026-09-24T08:48:36.000Z,4,4,4,,,0,0,COMPLETE,COMPLETE,2,
164,vt3_Kivihaka,23164,3,101,2700,TWO_DIRECTION,Hämeenlinna,2,Helsinki,3,358,358,N,178,S,STALE,COMPLETE,58,1032,2026-09-24T08:47:39.000Z,COMPLETE,63,1140,2026-09-24T08:47:39.000Z,5,5,5,,,0,0,COMPLETE,COMPLETE,2,
165,vt3_Hakuninmaa,23165,3,101,8465,TWO_DIRECTION,Hämeenlinna,2,Helsinki,2,358,358,N,178,S,STALE,COMPLETE,79,1728,2026-09-24T08:47:42.000Z,COMPLETE,81,1800,2026-09-24T08:47:42.000Z,4,4,4,,,0,0,COMPLETE,COMPLETE,2,
167,vt1_Espoo_Sepänkylä,23167,1,5,900,TWO_DIRECTION,Turku,3,Helsinki,3,260,260,W,80,E,FRESH,COMPLETE,94,1584,2026-09-24T08:51:37.000Z,COMPLETE,89,2028,2026-09-24T08:51:37.000Z,6,6,6,,,0,0,COMPLETE,COMPLETE,2,
168,kt50_Askisto,23168,50,4,4322,TWO_DIRECTION,Vantaa,2,Espoo,4,89,89,E,269,W,FRESH,COMPLETE,84,1812,2026-09-24T08:51:37.000Z,COMPLETE,81,1008,2026-09-24T08:51:36.000Z,6,6,6,,,0,0,COMPLETE,COMPLETE,2,
169,kt50_Pakkala,23169,50,6,4908,TWO_DIRECTION,Vantaa,3,Espoo,3,89,89,E,269,W,FRESH,COMPLETE,82,1932,2026-09-24T08:51:35.000Z,COMPLETE,91,372,2026-09-24T08:51:34.000Z,6,6,6,,,0,0,COMPLETE,COMPLETE,2,
172,vt7_Helsinki_Bäcknäs,23172,7,3,2238,TWO_DIRECTION,Porvoo,2,Helsinki,2,80,80,E,260,W,FRESH,COMPLETE,108,816,2026-09-24T08:51:35.000Z,COMPLETE,105,804,2026-09-24T08:51:35.000Z,4,4,4,,,0,0,COMPLETE,COMPLETE,0,
175,vt1_Espoo_Lommila,23175,1,5,5820,TWO_DIRECTION,Turku,2,Helsinki,2,298,298,NW,118,SE,FRESH,COMPLETE,98,972,2026-09-24T08:51:34.000Z,COMPLETE,98,1272,2026-09-24T08:51:32.000Z,4,6,4,,"5,6",0,0,COMPLETE,COMPLETE,2,Inactive zero-value placeholder lane rows present
179,vt7_Fazerila,23179,7,1,2300,TWO_DIRECTION,Porvoo,2,Helsinki,2,70,70,E,250,W,UNAVAILABLE,UNAVAILABLE,,,,UNAVAILABLE,,,,4,0,0,"1,2,3,4",,0,0,COMPLETE,COMPLETE,0,Official lane rows missing from live snapshot; Direction 1 live measurement incomplete; Direction 2 live measurement incomplete
182,kt50_Hakunila,23182,50,8,660,TWO_DIRECTION,Vantaa,4,Espoo,4,135,135,SE,315,NW,FRESH,COMPLETE,83,1296,2026-09-24T08:51:36.000Z,COMPLETE,81,1212,2026-09-24T08:51:36.000Z,8,8,8,,,0,0,COMPLETE,COMPLETE,0,
183,kt50_Järvenperä2,23183,50,4,0,TWO_DIRECTION,Vantaa,2,Espoo,2,50,50,NE,230,SW,FRESH,COMPLETE,92,1560,2026-09-24T08:51:36.000Z,COMPLETE,100,1200,2026-09-24T08:51:34.000Z,4,4,4,,,0,0,COMPLETE,COMPLETE,0,
191,vt1_Kolmiranta,23191,1,7,4030,TWO_DIRECTION,Turku,2,Helsinki,2,315,315,NW,135,SE,FRESH,COMPLETE,112,780,2026-09-24T08:51:34.000Z,COMPLETE,95,1008,2026-09-24T08:51:36.000Z,4,4,4,,,0,0,COMPLETE,COMPLETE,0,
196,Niinisaarentie,23196,40946,3,552,TWO_DIRECTION,Porvoo,1,Espoo,1,110,110,E,290,W,UNAVAILABLE,UNAVAILABLE,,,,UNAVAILABLE,,,,2,0,0,"1,2",,0,0,COMPLETE,COMPLETE,0,Official lane rows missing from live snapshot; Direction 1 live measurement incomplete; Direction 2 live measurement incomplete
20002,vt1_Espoo_Hirvisuo,20002,1,6,510,TWO_DIRECTION,Turku,3,Helsinki,2,298,298,NW,118,SE,FRESH,COMPLETE,97,1032,2026-09-24T08:51:30.000Z,COMPLETE,101,816,2026-09-24T08:51:28.000Z,5,6,5,,6,0,0,COMPLETE,COMPLETE,2,Inactive zero-value placeholder lane rows present
20004,vt1_Espoo_Kasavuori,20004,1,5,4654,TWO_DIRECTION,Turku,2,Helsinki,2,298,298,NW,118,SE,FRESH,COMPLETE,100,1356,2026-09-24T08:51:31.000Z,COMPLETE,96,1548,2026-09-24T08:51:32.000Z,4,6,4,,"5,6",0,0,COMPLETE,COMPLETE,2,Inactive zero-value placeholder lane rows present
20005,vt1_Espoo_Sepänkylä_LML,20005,1,5,1601,TWO_DIRECTION,Turku,3,Helsinki,3,255,255,W,75,E,FRESH,COMPLETE,98,1596,2026-09-24T08:51:31.000Z,COMPLETE,94,2004,2026-09-24T08:51:31.000Z,6,6,6,,,0,0,COMPLETE,COMPLETE,2,
20006,vt1_Espoo_Kuurinniitty,20006,1,5,2663,TWO_DIRECTION,Turku,3,Helsinki,3,270,270,W,90,E,FRESH,COMPLETE,97,1716,2026-09-24T08:51:32.000Z,COMPLETE,97,1884,2026-09-24T08:51:32.000Z,6,6,6,,,0,0,COMPLETE,COMPLETE,2,
20007,vt1_Espoo_Tuomarila,20007,1,5,3675,TWO_DIRECTION,Turku,2,Helsinki,2,298,298,NW,118,SE,FRESH,COMPLETE,96,996,2026-09-24T08:51:32.000Z,COMPLETE,97,1584,2026-09-24T08:51:32.000Z,4,6,4,,"5,6",0,0,COMPLETE,COMPLETE,2,Inactive zero-value placeholder lane rows present
20009,vt1_Espoo_Stensgård,20009,1,5,401,TWO_DIRECTION,Turku,2,Helsinki,2,270,270,W,90,E,FRESH,COMPLETE,99,864,2026-09-24T08:51:31.000Z,COMPLETE,91,972,2026-09-24T08:51:32.000Z,4,6,4,,"5,6",0,0,COMPLETE,COMPLETE,2,Inactive zero-value placeholder lane rows present
20010,vt1_Espoo_Turveradantie,20010,1,4,1758,TWO_DIRECTION,Turku,3,Helsinki,3,260,260,W,80,E,FRESH,COMPLETE,96,1692,2026-09-24T08:51:32.000Z,COMPLETE,93,1752,2026-09-24T08:51:32.000Z,6,6,6,,,0,0,COMPLETE,COMPLETE,2,
20011,vt1_Espoo_Sinimäki,20011,1,4,2245,TWO_DIRECTION,Turku,3,Helsinki,3,270,270,W,90,E,FRESH,COMPLETE,97,1752,2026-09-24T08:51:30.000Z,COMPLETE,93,1896,2026-09-24T08:51:32.000Z,6,6,6,,,0,0,COMPLETE,COMPLETE,2,
20013,vt1_Espoo_Sinimäki_2,20013,1,4,2836,TWO_DIRECTION,Turku,3,Helsinki,4,270,270,W,90,E,FRESH,COMPLETE,94,1788,2026-09-24T08:51:32.000Z,COMPLETE,85,2808,2026-09-24T08:51:33.000Z,7,7,7,,,0,0,COMPLETE,COMPLETE,2,
20016,vt1_Espoo_Säterinmetsä_2_Hki,20016,21101,21,260,SINGLE_DIRECTION_2,Turku,0,Helsinki,3,260,260,W,80,E,FRESH,NOT_INSTALLED,,0,2026-09-24T08:51:28.000Z,COMPLETE,69,1668,2026-09-24T08:51:31.000Z,3,6,3,,"4,5,6",0,0,COMPLETE,COMPLETE,1,Direction 1 is not installed at this station; Inactive zero-value placeholder lane rows present
20017,vt1_Espoo_Espoonsilta,20017,1,4,725,TWO_DIRECTION,Turku,5,Helsinki,4,260,260,W,80,E,FRESH,COMPLETE,95,2088,2026-09-24T08:51:31.000Z,COMPLETE,89,2076,2026-09-24T08:51:32.000Z,9,9,9,,,0,0,COMPLETE,COMPLETE,2,
20018,vt1_Espoo_Ruukinranta,20018,1,3,3237,TWO_DIRECTION,Turku,3,Helsinki,3,280,280,W,100,E,FRESH,COMPLETE,91,672,2026-09-24T08:51:28.000Z,COMPLETE,99,684,2026-09-24T08:51:28.000Z,6,6,6,,,0,0,COMPLETE,COMPLETE,2,
20021,vt3_Kotamäki_HML,20021,3,103,7008,SINGLE_DIRECTION_1,Hämeenlinna,4,Helsinki,0,,,,,,FRESH,COMPLETE,86,1524,2026-09-24T08:51:28.000Z,NOT_INSTALLED,,0,2026-09-24T08:51:28.000Z,4,6,4,,"5,6",0,0,COMPLETE,COMPLETE,0,Direction 2 is not installed at this station; Inactive zero-value placeholder lane rows present; Numeric bearing unavailable; corridor direction comparison unavailable
20024,vt3_Mäyränkallio,20024,3,104,3229,TWO_DIRECTION,Hämeenlinna,3,Helsinki,4,,,,,,FRESH,COMPLETE,101,720,2026-09-24T08:51:32.000Z,COMPLETE,106,840,2026-09-24T08:51:32.000Z,7,7,7,,,0,0,COMPLETE,COMPLETE,0,Numeric bearing unavailable; corridor direction comparison unavailable
20025,vt3_Yli-Hemmi,20025,3,104,4341,TWO_DIRECTION,Hämeenlinna,2,Helsinki,2,,,,,,FRESH,COMPLETE,103,684,2026-09-24T08:51:28.000Z,COMPLETE,112,708,2026-09-24T08:51:28.000Z,4,6,4,,"5,6",0,0,COMPLETE,COMPLETE,0,Inactive zero-value placeholder lane rows present; Numeric bearing unavailable; corridor direction comparison unavailable
20027,vt3_Peräjä_Hki,20027,3,103,7360,SINGLE_DIRECTION_2,Hämeenlinna,0,Helsinki,3,,,,,,FRESH,NOT_INSTALLED,,0,2026-09-24T08:51:28.000Z,COMPLETE,93,1116,2026-09-24T08:51:32.000Z,3,6,3,,"4,5,6",0,0,COMPLETE,COMPLETE,0,Direction 1 is not installed at this station; Inactive zero-value placeholder lane rows present; Numeric bearing unavailable; corridor direction comparison unavailable
20028,st170_Kulosaari_LML,20028,170,1,1405,TWO_DIRECTION,Itäkeskus,3,Helsinki,3,45,45,NE,225,SW,FRESH,PARTIAL,,0,2026-09-24T08:51:28.000Z,PARTIAL,,0,2026-09-24T08:51:28.000Z,6,6,6,,,0,0,COMPLETE,COMPLETE,0,Direction 1 live measurement incomplete; Direction 2 live measurement incomplete
20029,vt3_Pirkkola_Wavetronix,20029,3,101,4770,TWO_DIRECTION,Hämeenlinna,3,Helsinki,3,340,340,N,160,S,FRESH,COMPLETE,80,1320,2026-09-24T08:51:28.000Z,COMPLETE,77,1452,2026-09-24T08:51:29.000Z,6,6,6,,,0,0,COMPLETE,COMPLETE,2,
20030,kt51_Westend_Wavetronix,20030,51,4,1640,TWO_DIRECTION,Hanko,4,Helsinki,4,270,270,W,90,E,FRESH,COMPLETE,84,1632,2026-09-24T08:51:32.000Z,COMPLETE,85,1800,2026-09-24T08:51:32.000Z,8,8,8,,,0,0,COMPLETE,COMPLETE,2,
